Titre,Descriptif,Description,Prix,Categorie,Etiquette,Lien
"""Foulards en soie “Let it Bee”""","""Couleur: JAUNE, ROSE
Artiste: NOHA HABAIEB
Pays: TUNISIE / TUNISIA
Technique: PRINT/ IMPRESSION NUMÉRIQUE
Dimensions: 45CM X 45CM""","""Collection Printemps été 2020
Edition limitée à 50 exemplaires
100% Soie
45cmx45cm
Accompagné d’une marque page numéroté au dessin exclusif de l’artiste et de sa signature.
Avec cette 1ère collection de foulards en soie pour le printemps/été 2020 , Noha Habaieb continue d’explorer le monde magnifique et tellement riche des insectes et plus particulièrement d’une reine parmi les reines les abeilles. Avec ce foulard, édité en quantité limité ( 50 de chaque couleur). Vous pourrez vous parer des plus belles couleurs, pour accompagner une tenue estivale noué dans les cheveux, ou même pour égayer un sac à main. Enfin qui a dit que l’art ne pouvait pas se porter ?""","""55""","""FOULARDS EN SOIE""",," ""https://www.artforness.com/produit/foulards-en-soie-let-it-bee/"""
"""Affiche Festival Ciné Palestine édition 2018""","""Poids: 0.250 KG
Dimensions: 42 × 59 CM
Artiste: WALID BOUCHOUCHI
Pays: ALGÉRIE / ALGERIA
Technique: SÉRIGRAPHIE / SILK PRINT""","""Edition limitée à 30 exemplaires.
Format 42 x 59 cm.
Sérigraphie sur Canson Edition Etching Rag 310 gr.
Numéroté et signé à la main par l’Artiste.
Depuis plus de 3 ans, le Festival Ciné-Palestine à Paris met à l’honneur les cinéastes palestiniens.
Le talentueux Walid Bouchouchi accompagne le Festival depuis sa création en dessinant les affiches ainsi que toute l’iconographie autour.
La vente de cette sérigraphie éditée en édition limitée, à 30 exemplaires seulement, numérotés et signés par l’artiste, permettra de verser 50% des bénéfices au FCP pour l’organisation de l’édition 2020""","""50""","""ILLUSTRATIONS""",," ""https://www.artforness.com/produit/affiche-fcp-edition-2018/"""
"""Affiche Festival Ciné-Palestine édition 2017""","""Poids: 0.250 KG
Dimensions: 42 × 59 CM
Artiste: WALID BOUCHOUCHI
Pays: ALGÉRIE / ALGERIA
Technique: SÉRIGRAPHIE / SILK PRINT""","""Edition limitée à 30 exemplaires.
Format 42 x 59 cm.
Sérigraphie sur Canson Edition Etching Rag 310 gr.
Numéroté et signé à la main par l’Artiste.
Depuis plus de 3 ans, le Festival Ciné-Palestine à Paris met à l’honneur les cinéastes palestiniens.
Le talentueux Walid Bouchouchi accompagne le Festival depuis sa création en dessinant les affiches ainsi que toute l’iconographie autour.
La vente de cette sérigraphie éditée en édition limitée, à 30 exemplaires seulement, numérotés et signés par l’artiste, permettra de verser 50% des bénéfices au FCP pour l’organisation de l’édition 2020.""","""50""","""ILLUSTRATIONS""",," ""https://www.artforness.com/produit/affiche-fcp-edition-2017/"""
"""FATMA au PARAPLUIE""","""Artiste: MAHMOUD
Pays: ALGÉRIE / ALGERIA""","""Véritable ode à la culture orale, cette bande dessinée algérienne, chorale et foisonnante invite le lecteur à partager la vie des habitants de la Casbah, quartier populaire des hauteurs d’Alger où pauvreté et débrouillardise côtoient au quotidien les ragots et les médisances colportés à propos des uns et des autres.
Au centre des rumeurs du quartier, deux femmes mystérieuses qui habitent une vieille maison, couverte de parapluies et ainsi devenues objet de crainte et de fascination : Lalla Houm et Fatma au Parapluie.
Lalla Houm, une vieille décrépie et édentée, se considère comme une sorcière capable de prédire l’avenir et de prescrire des remèdes. Fatma au Parapluie, une dame singulière habillée en tailleur et chapeau, collectionne les parapluies, parle français et vivote en vendant des légumes dans le quartier. Excentrique et indéchiffrable, elle inspire la terreur des enfants et les moqueries des adultes. Audacieuse et effrontée, elle franchit aussi bien les portes des maisons pour partager les histoires des autres femmes que celles des cafés réservés aux hommes, sans hésiter à leur tenir tête. Mais comment échapper aux mauvaises langues, quand on transgresse ainsi les frontières qui séparent l’univers masculin du monde féminin, et quand on ose mettre des mots sur les tabous et les non-dits ? Comment ne pas devenir folle sous le regard vigilant et omniprésent des habitants du quartier ?""","""18""","""LIVRES""","""BASIC"""," ""https://www.artforness.com/produit/fatma-au-parapluie/"""
"""Nouvelle Génération : la bande dessinée arabe d’aujourd’hui""","""Poids: 0.950 KG
Dimensions: 29.7 × 42 × 4 CM
Artiste: LAB619, SADRI KHIARI, BARRACK RIMA, LENA MERHEJ, NOHA HABAIEB, SALIM ZERROUKI, SEIF EDDINE NECHI, TRACY CHAHWAN
Pays: MAROC / MOROCCO, SYRIE / SYRIA, ALGÉRIE / ALGERIA, LIBAN / LEBANON, TUNISIE / TUNISIA""","""Nouvelle génération : la bande dessinée arabe aujourd’hui est le catalogue officiel de l’exposition homonyme qui a eu lieu en 2018 à la Cité de la bande dessinée et de l’image d’Angoulême.
Le livre “La bande dessinée arabe d’aujourd’hui” est le catalogue de l’exposition homonyme qui a eu lieu en 2018 à la cité internationale de la Bande Dessinée d’Angoulême. Une exposition qui a permis à beaucoup de des artistes partenaires d’ArtForNess d’y exposer leurs travaux et d’aller à la rencontre des amoureux de la Bande Dessinée.
Il met en avant plus de quarante bédéistes arabes provenant de différents pays: Algérie, Tunisie, Égypte, Irak ou bien encore la Palestine. Les artistes et les collectifs sont ici dévoilés à travers un éventail de plus de 120 planches illustrant le bouillonnement que la bande dessinée arabe connaît depuis plus de dix ans. Le catalogue est un livre accessible à tous puisque les textes sont présentés en Français et en Anglais permettant ainsi de toucher un public plus large.
Le livre a pu voir le jour grâce à la collaboration intense et fructueuse entre la Cité Internationale de la Bande Dessinée
et de l’Image, la Mu’taz and Rada Sawwaf Comics Initiative et l’Université Américaine de Beyrouth. Il leur était important de donner à voir l’extraordinaire vitalité de la création du monde arabe en matière de 9ème art, et de manifester leur intérêt et leur soutien à cette création en cours et aux auteurs qui la font vivre, parfois dans des contextes particulièrement difficiles.""","""22""","""LIVRES""","""BASIC"""," ""https://www.artforness.com/produit/nouvelle-generation-la-bande-dessinee-arabe-daujourdhui/"""
"""BEYROUTH La trilogie""","""Poids: 0.385 KG
Dimensions: 29 × 21 CM
Artiste: BARRACK RIMA
Pays: LIBAN / LEBANON
Nb de pages: 96""","""Beyrouth, le présent et le passé, les rêves et la réalité…
Avec ce roman graphique Beyrouth la trilogie, Barrack Rima, conteur visuel, nous invite à le suivre dans le labyrinthe de Beyrouth et dans celui de sa mémoire, hanté et aimanté par cette ville rongée aujourd’hui par les promoteurs immobiliers, envahie par les déchets et leur puanteur, dans laquelle il cherche encore et encore les traces du passé, de son passé… Chauffeurs de taxi, conteurs et marchands ambulants, monde grouillant d’exilés et de réfugiés, ville où règnent miséreux et débrouillards, mais aussi l’argent roi, le béton des promoteurs, la corruption et la censure, Om Kalthoum et Handala : ainsi se côtoient l’endroit et l’envers de Beyrouth, le présent et le passé, les rêves et la réalité…""","""20""","""LIVRES""","""BASIC"""," ""https://www.artforness.com/produit/beyrouth-la-trilogie/"""
"""ça restera entre nous""","""Poids: 0.950 KG
Dimensions: 29.7 × 42 × 4 CM
Artiste: SADRI KHIARI, BARRACK RIMA, LENA MERHEJ, NOHA HABAIEB, SALIM ZERROUKI, SEIF EDDINE NECHI, TRACY CHAHWAN
Pays: MAROC / MOROCCO, SYRIE / SYRIA, ALGÉRIE / ALGERIA, LIBAN / LEBANON, TUNISIE / TUNISIA""","""ça restera entre nous , une collection de 26 histoires courtes dessinées par des artistes de tout horizon, allant du Maroc aux États-Unis en passant par la Tunisie et l’Allemagne. une ode à la liberté d’expression en trois langues : Arabe , Français et Anglais.
La BD arabe ça restera entre nous est un recueil de 26 histoires courtes. Imaginées par des artistes talentueux et courageux sous le thème  « Jeunesse, sexualité et poésie ». Ainsi pour cette édition spéciale, le collectif libanais Samandal a su s’entourer d’une sélection d’artistes plus ingénieux et inspirants les uns que les autres. Parcourant le monde depuis les Etats-Unis jusqu’au Liban en passant par la Tunisie ou l’Espagne des bédéistes tel que Noha Habaieb , Barrack Rima ou encore Lena Merhej pour ne citer qu’eux, ont exprimé leur vision de l’amour, de la poésie ou simplement de la sexualité.
Vingt-six contributions courageuses, en trois langues différentes : arabe, anglais et français.
Un livre à retourner dans tous les sens , une nouvelle facette de la BD arabe mais chut ça restera entre nous.
Le mot Samandal est le mot arabe désignant la Salamandre.S’inspirant de cette dualité d’être amphibien , le collectif vogue entre deux mondes, image et texte,  l’expérimental et le traditionnel.""","""20""","""LIVRES""","""BASIC"""," ""https://www.artforness.com/produit/bd-arabe-ca-restera-entre-nous/"""
"""Cavewoman : The Hunt""","""Dimensions: 30 × 42 CM
Artiste: MAHMOUD
Pays: ALGÉRIE / ALGERIA
Technique: PRINT/ IMPRESSION NUMÉRIQUE""","""Edition limitée à 50 exemplaires
Format 30 x 42 cm
Impression pigmentaire sur Canson Edition Etching Rag 310 gr
Dessin numéroté et signé à la main par l’Artiste
Accompagné d’un certificat d’authenticité
Dans ce dessin, Mahmoud Benamar joue sur les nuances des bleus pour mettre en valeur la chasseuse.
Une femme belle et puissante utilisant tous ses sens pour être en alerte et prête à bondir.
Inspiré d’un univers graphique Fantasy,Mahmoud réussit à nous emmener ailleurs.""","""85""","""ILLUSTRATIONS""","""BASIC"""," ""https://www.artforness.com/produit/cavewoman-the-hunt/"""
"""Des ragots sur le toit""","""Poids: 0.250 KG
Dimensions: 29.7 × 42 CM
Artiste: SONIA BEN SALEM
Pays: TUNISIE / TUNISIA
Technique: SÉRIGRAPHIE / SILK PRINT""","""Edition limitée à 50 exemplaires.
Format 29.7x 42cm.
Sérigraphie sur Canson Edition Etching Rag 310 gr.
Accompagné d’un certificat d’authenticité numéroté et signé à la main par l’Artiste.
L’affiche en sérigraphie : des ragots sur le toit de Sonia Ben Salem.
La talentueuse illustratrice a rejoint la troupe des artistes partenaires d’ArtForNess et en renforçant l’équipe de l’Atelier Glibett avec un joli triptyque autour de la vie journalière dans le vieux Tunis.
La 2éme scène du trio s’articule autour des toits de la médina de Tunis et porte le nom de « Des ragots sur le toit ». Comme son nom l’indique, l’affiche en sérigraphie traite des ragots qui sont pour les habitants comme des petits bonbons à consommer sans modération.""
Les toits de la ville étaient et restent un élément architectural important dans la vie des Tunisiens, on y organise des fêtes, y lave les tapis et surtout et avant tout on y échange les dernières nouvelles.
Cherchez le chat élément important du monde des Glibetts.","""80""","""ILLUSTRATIONS""","""BASIC"""," ""https://www.artforness.com/produit/des-ragots-sur-le-toit-serigraphie-affiche/"""
"""Destructure""","""Poids: 0.700 KG
Dimensions: 60 × 60 CM
Artiste: DZART16
Pays: ALGÉRIE / ALGERIA
Technique: PRINT/ IMPRESSION NUMÉRIQUE""","""Edition limitée à 50 exemplaires.
Format 60x 60cm.
Impression pigmentaire sur Canson Edition Etching Rag 310 gr.
Accompagné d’un certificat d’authenticité numéroté et signé à la main par l’Artiste.
“Destructure” est une œuvre qui porte à la contemplation et à la réflexion.Qui nous pousse à faire notre propore analyse et imaginer une histoire , un mythe derrière ou peut-être une simple vision d’une réalité.
La structure et la composition de l’œuvre se base sur un personnage central qui semble porter sur ses épaules ce qui a l’air d’être les restes fumants de la kasbah d’Alger.""","""240""","""ILLUSTRATIONS""","""BASIC"""," ""https://www.artforness.com/produit/destructure/"""
"""E-muet""","""Poids: 0.250 KG
Dimensions: 32 × 32 CM
Artiste: NOÉMIE HONEIN
Pays: LIBAN / LEBANON
Technique: PRINT/ IMPRESSION NUMÉRIQUE""","""Edition limitée à 50 exemplaires.
Format 32 x 32cm.
Impression pigmentaire sur Canson Edition Etching Rag 310 gr.
Accompagné d’un certificat d’authenticité numéroté et signé à la main par l’Artiste.
Noémie a réalisé ce dessin lors de son expo intitulé E-muet à Toulouse en Mars 2018
Elle avait alors représenté plusieurs artistes femmes ( Beyoncé , Yasmine Hamdan ou encore Jane) en commençant ses dessins avec une consigne simple : dessiner une femme sur un papier blanc et faire léviter un monde autour d’elle.
Le dessin est alors un mélange de petits détails plus ecis les uns que les autres  magnifié par une explosion de couleurs au service de toutes les femmes musiciennes , chanteuses ou simplement Femmes.""","""60""","""ILLUSTRATIONS""","""BASIC"""," ""https://www.artforness.com/produit/emuet/"""
"""Eternal Expectation""","""Poids: 0.3 KG
Dimensions: 40 × 50 CM
Artiste: JAWHER SOUDANI
Pays: TUNISIE / TUNISIA
Technique: PRINT/ IMPRESSION NUMÉRIQUE""","""Edition limitée à 50 exemplaires.
Format 40 x 50 cm.
Impression pigmentaire sur Canson Edition Etching Rag 310 gr.
Accompagné d’un certificat d’authenticité numéroté et signé à la main par l’Artiste Vajo.
Eternal Expectation , un dessin inspiré de la Nature.
L’homme y est représenté dans une forme polymorphe avec une tête de fleur, symbole de paix et de tolérance, en opposition avec l’action dans laquelle il s’engage. Un conflit avec l’autre, peut-être avec lui même, qui possède ce qu’il désire. Jawher aime nous pousser à réfléchir et porter un regard différent sur certaines situations de la vie.""","""120""","""ILLUSTRATIONS""","""BASIC"""," ""https://www.artforness.com/produit/eternal-expectation/"""
"""Frog Island""","""Dimensions: 30 × 50 CM
Artiste: MAHMOUD
Pays: ALGÉRIE / ALGERIA
Technique: PRINT/ IMPRESSION NUMÉRIQUE""","""Edition limitée à 50 exemplaires.
Format 30 x 50 cm.
Impression pigmentaire sur Canson Edition Etching Rag 310 gr.
Dessin numéroté et signé à la main par l’Artiste.
Accompagné d’un certificat d’authenticité.
Edition limitée à 50 exemplaires.
Format 30 x 50 cm.
Impression pigmentaire sur Canson Edition Etching Rag 310 gr.""
Dessin numéroté et signé à la main par l’Artiste.
Accompagné d’un certificat d’authenticité.","""90""","""ILLUSTRATIONS""","""BASIC"""," ""https://www.artforness.com/produit/frog-island/"""
"""From the Far East to the Mid East""","""Poids: 0.3 KG
Dimensions: 29.7 × 42 CM
Artiste: TRACY CHAHWAN
Pays: LIBAN / LEBANON
Technique: PRINT/ IMPRESSION NUMÉRIQUE""","""Designed by Lebanese artist Tracy Chahwan, this illustration focuses on music visuals for bands, record labels and underground music collectives""
","""75""","""ILLUSTRATIONS""","""LEBANON, PIGMENT INK, TRACY CHAHWAN"""," ""https://www.artforness.com/produit/from-the-far-east-to-the-mid-east/"""
"""Hide and Seek""","""Dimensions: 29.7 × 42 CM
Artiste: ATELIER GLIBETT, NOHA HABAIEB
Pays: TUNISIE / TUNISIA
Technique: PRINT/ IMPRESSION NUMÉRIQUE""","""Edition limitée à 50 exemplaires.
Format 29.7 x 42 cm.
Impression pigmentaire sur Canson Edition Etching Rag 310 gr.
Dessin numéroté et signé à la main par l’Artiste.
Accompagné d’un certificat d’authenticité.
Hide and Seek , un dessin tout en délicatesse peignant la fragilité de la nature et ses aspirations.
Noha Habaieb a su exprimer à travers ce dessin et le jeu de cache cache toute la sensibilité de l’être et la fragilité de la nature.""","""80""","""ILLUSTRATIONS""","""BASIC"""," ""https://www.artforness.com/produit/hide-and-seek/"""
"""Kho""","""Poids: 0.500 KG
Dimensions: 21 × 29.7 CM
Artiste: WALID BOUCHOUCHI
Pays: ALGÉRIE / ALGERIA
Technique: LINOGRAVURE""","""Edition limitée à 30 exemplaires.
Format 21 x 29.7cm.
Linogravure sur du papier d’art 310 gr.
Numéroté et signé à la main par l’Artiste.
Kho est le titre de la linogravure et le nom du personnage phare créé par l’artiste Walid Bouchouchi. C’est aussi le nom par lequel on s’interpelle dans les rues d’Alger et en Afrique du nord de manière générale. Kho est l’archétype du jeune qui déambule dans la rue à la recherche de nouveauté et de piments dans sa vie.""","""45""","""ILLUSTRATIONS""","""BASIC"""," ""https://www.artforness.com/produit/kho/"""
"""LAB619 N°10""","""Poids: 0.600 KG
Dimensions: 27 × 20 CM
Artiste: LAB619
Pays: TUNISIE / TUNISIA""","""Dans ce numéro 10 , vous trouverez ce que vous vous voudrez bien y mettre.
Relâchez-vous, lâchez votre imagination, laissez vous aller , lisez en réinventant ce que vous lisez
Tasayob : a consommer sans modération.
Cette BD arabe est une véritable ode au Tassayob ou à la liberté de faire ce qui nous plait.
Dans ce dixième numéro de BD arabe, le collectif a décidé d’offrir à ses auteurs la possibilité de laisser libre cours à leur inspiration du moment, mais aussi vous offrir un des plus beaux numéros qu’ils ont conçus.""","""18""","""LIVRES""","""BASIC"""," ""https://www.artforness.com/produit/lab619-n10/"""
"""LAB619 N°6""","""Poids: 0.350 KG
Dimensions: 29.7 × 42 × 3 CM
Artiste: LAB619
Pays: TUNISIE / TUNISIA""","""Un numéro rare qui tends à disparaître le N 6 du LAB619 édition 2016
Dans ce numéro 6, l’équipe s’est attelée à donner sa vision de la Tunisie.
Edité en 2016 , le numéro est maintenant considéré comme une denrée rare, puisqu’il n’en reste plus qu’une dizaine dans le monde et nous en détenons 5.
Alors qu’attendez-vous pour compléter votre collection, en effet les numéros du Lab619 sont toujours imprimés en quantité limitée.""","""8""","""LIVRES""","""BASIC"""," ""https://www.artforness.com/produit/lab619-n6/"""
"""LAB619 N°7""","""Poids: 0.350 KG
Dimensions: 29.7 × 42 × 3 CM
Artiste: LAB619
Pays: TUNISIE / TUNISIA""","""Un numéro rare qui tends à disparaître le N 6 du LAB619 édition 2016
Dans ce numéro 6, l’équipe s’est attelée à donner sa vision de la Tunisie.
Dis-moi qu’est ce qu’une frontière?
Une question dans l’air du temps pour ce 7éme numéro du Lab619. Un numéro édité en 2017 et pourtant toujours d’actualité dans un monde où les frontières ont tendance à disparaître et sont paradoxalement plus présentes que jamais. Alors qu’attendez-vous pour compléter votre collection.""","""8""","""LIVRES""","""BASIC"""," ""https://www.artforness.com/produit/lab619-n7/"""
"""LAB619 N°8""","""Poids: 0.450 KG
Dimensions: 29.7 × 32 × 4 CM
Artiste: LAB619
Pays: TUNISIE / TUNISIA""","""Un numéro spécial qui traite d’un sujet d’actualité: la migration
Dans ce numéro 8, l’équipe s’est entouré d’artistes libanais, égyptiens ou encore Algériens pour traiter d’un sujet universel. .
Hijra , un numéro spécial du Lab619, incluant le travail de plusieurs artistes de bandes dessinées de la scène Nords Africaines et Moyennes Orientales puisqu’on compte parmi les participants Barrack Ryma du liban ou Migo d’Egypte .
Le numéro traîte d’un sujet brulant qu’est la migration.Il est d’autant plus important que de voir la vision des artistes des payons victimes d’exode.""","""15""","""LIVRES""","""BASIC"""," ""https://www.artforness.com/produit/lab619-n8/"""
"""LAB619 N°9""","""Poids: 0.250 KG
Dimensions: 27 × 20 CM
Artiste: LAB619
Pays: TUNISIE / TUNISIA""","""Un numéro haut en couleur à découvrir absolument.
Dans ce numéro 9, l’équipe s’est attelée à exprimer ce que le mot identité peut signifier pour chacun de nous.
Une pure pépite à découvrir d’urgence.
Le mot “identités” avec toutes ses acceptations, a offert,aux bédéistes une liberté de création révélatrice de l’importance accordée à l’appartenance et à la distinction dans nos sociétés.
Un mot, des réflexions, une résidence de création qui a eu lieu à Dar Eyquem avec la présence collaborative du bédéiste allemand Max Baitinger.Et puis surtout des échanges, des scénarios, des dessins, un risographe et puis des planches.
Les artistes du LAB619 qui ont alors participé à ce numéro et pour ne citer qu’eux: Smiri Issam, Kamal Zakkour, Moez Tabia, Lamia, Max, Noha Habaieb, Salim Zerrouki, Sara et Sid Ali Dekar.""","""8""","""LIVRES""","""BASIC"""," ""https://www.artforness.com/produit/lab619-n9/"""
"""Le chat s’en fout""","""Dimensions: 29.7 × 42 CM
Artiste: ATELIER GLIBETT, ZEINEB BEN HAOUALA
Pays: TUNISIE / TUNISIA
Technique: PRINT/ IMPRESSION NUMÉRIQUE""","""Edition limitée à 50 exemplaires.
Format 29.7 x 42 cm.
Impression pigmentaire sur Canson Edition Etching Rag 310 gr.
Accompagné d’un certificat d’authenticité numéroté et signé à la main par l’Artiste.
Dans ce dessin original, Zeineb Ben Haouala a joliment illustré, tout en couleurs l’identité culturelle tunisienne, qui est si éclectique et riche. Une fois loin du regard de la société, ainsi que le poid pesant des traditions, le mari prend bien soin de sa femme sous le regard bienveillant du patriarche.
L’oeuvre a été d’ailleurs sélectionné pour être finaliste du concours drawing4equality, qui est organisé par The Euro-Mediterranean Women’s Foundation (FFEM), et the European Institute of the Mediterranean (IEMed).""","""80""","""ILLUSTRATIONS""","""BASIC"""," ""https://www.artforness.com/produit/le-chat-sen-fout/"""
"""Le Pain nu""","""Poids: 0.31 KG
Dimensions: 27 × 20 CM
Artiste: ABDELAZIZ MOURIDE
Pays: MAROC / MOROCCO""","""Pour la 1er fois en France et en Europe, l’adaptation du célèbre roman de Mohamed Choukri “Le Pain Nu” en Bande Dessinée, par le pionner du genre au Maroc le non moins talentueux Abdelaziz Mourid.
Le Pain nu est le récit d’une enfance qui n’a pas eu lieu. Celle de Mohamed Choukri, marquée par la pauvreté et l’exil dans le nord du Maroc sous le joug du protectorat. La famine, la fuite d’un père violent, les nuits à la belle étoile dans les bas-fonds de Tanger, la combine, le vin, le kif, le sexe… Mohamed Choukri fait très tôt l’apprentissage de la survie. Il connaîtra aussi la prison. C’est là, aux côtés des détenus politiques, qu’à l’âge de vingt ans il apprendra à lire et à écrire. De l’intérieur de sa cellule, il nous livre ici son récit autobiographique, celui d’une revanche sur le destin, qui dévoile comme jamais auparavant une autre histoire du pays, faite par les gens de la misère et d’exclusion.""","""20""","""LIVRES""","""BASIC"""," ""https://www.artforness.com/produit/le-pain-nu/"""
"""Le parfum de la dame en vert""","""Poids: 0.250 KG
Dimensions: 35 × 50 CM
Artiste: SADRI KHIARI
Pays: TUNISIE / TUNISIA
Technique: PRINT/ IMPRESSION NUMÉRIQUE""","""Edition limitée à 30 exemplaires
Format 35 x 50 cm
Impression pigmentaire sur Canson Edition Etching Rag 310 gr
Dessin numéroté et signé à la main par l’Artiste
Accompagné d’un certificat d’authenticité
Le pied, si souvent sous estimé et pas reconnu à sa juste valeur.
Ainsi Sadri Khiari lui rends hommage à travers ce détail.Le jeu des couleurs est mis au service de l’oeuvre afin de la sublimer.
Créant une mystérieuse aura autour de cette dame.""","""90""","""ILLUSTRATIONS""","""BASIC"""," ""https://www.artforness.com/produit/le-parfum-de-la-dame-en-vert/"""
"""Lost""","""Poids: 0.500 KG
Dimensions: 50 × 70 CM
Artiste: DZART16
Pays: ALGÉRIE / ALGERIA
Technique: PRINT/ IMPRESSION NUMÉRIQUE""","""Edition limitée à 50 exemplaires.
Format 50x 70cm.
Impression pigmentaire sur Canson Edition Etching Rag 310 gr.
Accompagné d’un certificat d’authenticité numéroté et signé à la main par l’Artiste.
“Lost” fait partie d’un triptyque imaginé par l’artiste Dzart16 autour de l’immigration et de l’identité.C’est une histoire en trois actes, le 1er a été imaginé et dessiné dans l’œuvre “My Hood”.Nous assistons ici au 2eme acte, nous avons changé et notre quartier aussi, les questions se multiplient mais pas forcément les solutions.""","""190""","""ILLUSTRATIONS""","""BASIC"""," ""https://www.artforness.com/produit/lost/"""
"""Mercerie""","""Dimensions: 29.7 × 42 CM
Artiste: ATELIER GLIBETT, ZEINEB BEN HAOUALA
Pays: TUNISIE / TUNISIA
Technique: PRINT/ IMPRESSION NUMÉRIQUE""","""Edition limitée à 50 exemplaires.
Format 29.7 x 42 cm.
Impression pigmentaire sur Canson Edition Etching Rag 310 gr.
Accompagné d’un certificat d’authenticité numéroté et signé à la main par l’Artiste.
Mercerie, ou “Bidoun Ilhah”, est un dessin de l’artiste Zeineb Ben Haouala et il fait référence aux petites échoppes classiques des souks de la Médina. Le deuxième titre fait référence aux rituels de négociation au moment de l’acte d’achats et de la volonté affichée du vendeur de ne pas céder. Ce dessin nous emmène directement dans les petites merceries des souks de la médina débordent de couleur et de petits paquets pleins de trésors de tous les temps.""","""80""","""ILLUSTRATIONS""","""BASIC""","""https://www.artforness.com/produit/mercerie/"" "
"""My Hood""","""Poids: 0.500 KG
Dimensions: 50 × 70 CM
Artiste: DZART16
Pays: ALGÉRIE / ALGERIA
Technique: PRINT/ IMPRESSION NUMÉRIQUE""","""Edition limitée à 50 exemplaires.
Format 50x 70cm.
Impression pigmentaire sur Canson Edition Etching Rag 310 gr.
Accompagné d’un certificat d’authenticité numéroté et signé à la main par l’Artiste.
“My Hood” fait parti d’un triptyque imaginé par l’artiste Dzart autour de l’immigration et de l’identité. C’est une histoire en trois actes, qui commence par les ruelles de la médina tel qu’elle est dans nos souvenirs une médina qui pourrait être à Alger comme à Tunis ou Casa.""","""190""",ILLUSTRATIONS,"""BASIC"""," ""https://www.artforness.com/produit/my-hood/"""
"""Om Kalthoum""","""Poids: 0.250 KG
Dimensions: 38 × 85 CM
Artiste: SEIF EDDINE NECHI
Technique: PRINT/ IMPRESSION NUMÉRIQUE
Pays: TUNISIE / TUNISIA""","""Edition limitée à 50 exemplaires
Format 38 x 85 cm
Impression pigmentaire sur Canson Edition Etching Rag 310 gr
Dessin numéroté et signé à la main par l’Artiste
Accompagné d’un certificat d’authenticité
Om Kalthoum, Maria Callas disait d’elle qu’elle avait une voix incomparable et beaucoup aussi
Seif Eddine Nechi rends hommage à l’une des divas du monde arabe les plus connus.
Les concerts de la chanteuse dans la capitale égyptienne affichaient complets jusqu’à deux ans à l’avance.""","""130""","""ILLUSTRATIONS""","""BASIC"""," ""https://www.artforness.com/produit/om-kalthoum/"""
"""Pied Piper""","""Poids: 0.250 KG
Dimensions: 29.7 × 42 CM
Artiste: DIALA BRISLY
Pays: SYRIE / SYRIA
Technique: PRINT/ IMPRESSION NUMÉRIQUE""","""Edition limitée à 50 exemplaires.
Format 29.7 cm x 42 cm.
Impression pigmentaire , qualité musée , sur papier Canson Edition Etching Rag 310 gr.
Accompagné d’un certificat d’authenticité numéroté et signé à la main par l’Artiste.
Diala Brisly , artiste syrienne engagée auprès des enfants réfugiés.
Elle dédie cette oeuvre aux enfants , en s’alliant à ArtForNess pour offrir 50% des bénéfices à l’association Zeltchule, une association allemande qui bâtit des écoles dans les camps de réfugiés au Liban.""","""90""","""ILLUSTRATIONS""","""BASIC"""," ""https://www.artforness.com/produit/pied-piper/"""
"""Prado""","""Poids: 0.250 KG
Dimensions: 29.7 × 42 CM
Artiste: SONIA BEN SALEM
Pays: TUNISIE / TUNISIA
Technique: SÉRIGRAPHIE / SILK PRINT""","""Edition limitée à 50 exemplaires.
Format 29.7 x 42 cm.
Sérigraphie sur Canson Edition Etching Rag 310 gr.
Accompagné d’un certificat d’authenticité numéroté et signé à la main par l’Artiste.
Sonia rejoint la troupe des artistes partenaires d’ArtForNess et vient renforcer l’équipe de l’Atelier Glibett avec un joli triptyque autour de la vie quotidienne Tunisienne.
La 1er scène sobrement intitulé « PRADO » dépeint un instant figé de la vie quotidienne des rues du centre-ville de Tunis. Les petits détails, tel que l’annonce de cours particuliers d’un professeur qui sait tout faire ou bien encore le vendeur de Lablébi , un plat typiquement tunisien, ne font que renforcer le réalisme tout en attendrissant les cœurs nostalgiques.
Cherchez le chat élément important du monde des Glibetts.""","""80""","""ILLUSTRATIONS""","""BASIC"""," ""https://www.artforness.com/produit/prado/"""
"""Rachid Taha Tribute Poster""","""Poids: 0.3 KG
Dimensions: 29.7 × 42 CM
Artiste: TRACY CHAHWAN
Pays: LIBAN / LEBANON
Technique: SÉRIGRAPHIE / SILK PRINT""","""Edition limitée à 30 exemplaires
Format 29.7 x 42 cm
Sérigraphie sur Canson Edition Etching Rag 310 gr
Signature Numérique
Tracy Chahwan est une artiste passionnée et passionnante.
Rendre hommage à l’un de ses chanteurs préférés fut une évidence pour celle qui aime dessiner des posters de concerts.
Ainsi Rachid Taha se retrouve à la même table au paradis que la plus connue des divas du monde Arabe Om Kalthoum.""","""40""","""ILLUSTRATIONS""","""BASIC"""," ""https://www.artforness.com/produit/rachid-taha-tribute-poster/"""
"""Skefkef N 09""","""Poids: 0.400 KG
Dimensions: 29.7 × 42 × 2 CM
Artiste: AYOUB NORMAL, SKEFKEF
Pays: MAROC / MOROCCO""","""Découvrez le dernier numéro du collectif Casablancais : Skefkef.
Un numéro 9 traitant de l’éducation au grand sens du terme.
Attention numéro exclusivement en Arabe.
Réapprovisionnement prévu dans les semaines à venir, inscrivez-vous à la newsletter , en bas de notre page, pour être tenu au courant .
Skefkef N09 est le dernier né du collectif casablancais du même nom. A travers cette revue, les amoureux de BD arabe, pourront découvrir la vision qu’a un jeune groupe d’illustrateurs sur l’éducation.
En effet, l’éducation porte sur plusieurs aspects.Nous pouvons alors parler de l’éducation à l’école, dans la rue, à la maison, à la télé, dans les livres ou encore dans les magazines.Tous ces points et d’autres encore sont traités par nos jeunes artistes. Nous comptons parmi les nombreux artistes participants dans ce numéro: Zainab Fasiki, Mehdi Annassiou encore Ayoub Normal.
En effet, vous pourrez aussi y savourer une BD de ce dernier. Avec son style reconnaissable parmi mille.Un trait fin et des références multiples qui permettent à tout un chacun d’imaginer sa propre histoire à travers ses magnifiques dessins.""
Skefkef un fanzine, qui condense des styles différents de BD arabes","""12""","""LIVRES""","""BASIC"""," ""https://www.artforness.com/produit/bd-arabe-skefkef-fanzine-n9/"""
"""Sucre et Citron""","""Poids: 0.250 KG
Dimensions: 29.7 × 42 CM
Artiste: SONIA BEN SALEM
Pays: TUNISIE / TUNISIA
Technique: SÉRIGRAPHIE / SILK PRINT""","""Edition limitée à 50 exemplaires.
Format 29.7x 42cm.
Sérigraphie sur Canson Edition Etching Rag 310 gr.
Accompagné d’un certificat d’authenticité numéroté et signé à la main par l’Artiste.
L’affiche en sérigraphie : Sucre et Citron de Sonia Ben Salem.
Le jeune illustratrice a rejoint la troupe des artistes partenaires d’ArtForNess afin de renforcer le partenariat avec l’Atelier Glibett avec un joli triptyque autour de la vie quotidienne Tunisienne.
Pour clore ce triptyque formé de trois affiches en sérigraphie , Sonia entre dans l’intimité des maisons Tunisiennes. Autour d’un rituel de beauté aussi ancestral que les murs de la médina. Ce rituel dont la recette est à base de sucre et citron et malgré l’apparition des salons de beauté a toujours sa place dans les quartiers populaires et toute mariée qui se respecte se doit d’y passer au moins une fois.""
Cherchez le chat élément important du monde des Glibetts.","""80""","""ILLUSTRATIONS""","""BASIC"""," ""https://www.artforness.com/produit/sucre-et-citron-affiche-serigrapahie/"""
"""Tamghart""","""Poids: 0.250 KG
Dimensions: 40 × 50 CM
Artiste: AYOUB NORMAL
Pays: MAROC / MOROCCO
Technique: PRINT/ IMPRESSION NUMÉRIQUE""","""Edition limitée à 50 exemplaires
Format 40 x 50 cm
Impression pigmentaire sur Canson Edition Etching Rag 310 gr
Accompagné d’un certificat d’authenticité numéroté et signé à la main par l’Artiste
Ayoub , jeune artiste marocain a d’abord peint ce dessin sur un mur de l’association L’blend.
Tiznit, la ville marocaine où se situe l’association, a été fondé selon la légende, après qu’une dame nommée Lalla Zninia (lalla = dame en dialecte marocain) et son chien aient trouvé une source d’eau, connue depuis par la “source bleue”. L’espace créatif se trouve ainsi  à quelques lieues de la source.
50% des bénéfices vont directement soutenir l’association encouragée par Ayoub : L’blend, un espace créatif et de makers.""","""115""","""ILLUSTRATIONS""","""BASIC"""," ""https://www.artforness.com/produit/tamghart/"""
"""Ya Kafer""","""Poids: 0.250 KG
Dimensions: 25 × 25 CM
Artiste: SALIM ZERROUKI
Pays: ALGÉRIE / ALGERIA
Technique: PRINT/ IMPRESSION NUMÉRIQUE""","""Edition limitée à 50 exemplaires.
Format 25 x 25cm.
Impression pigmentaire sur Canson Edition Etching Rag 310 gr.
Accompagné d’un certificat d’authenticité numéroté et signé à la main par l’Artiste.
« Ya Kafer », un tableau satirique sorti directement de l’imaginaire de notre turbulent Salim Zerrouki. Sous son coup de crayon les objets du quotidien prennent vie, et tiennent des dialogues assez burlesques ou bien se retrouvent dans des situations cocasses.
Nous amenant à sourire et à voir autrement la vie rien que pour un court instant. Pour plus de dessins vous pouvez allez faire un tour sur son site Ta7richa , casse-croûte en dialecte tunisien.""","""60""","""ILLUSTRATIONS""","""BASIC"""," ""https://www.artforness.com/produit/ya-kafer/"""
"""Laban et Confiture, ou comment ma Mère est devenue libanaise""","""Poids: 0.325 KG
Dimensions: 24 × 17 CM
Artiste: LENA MERHEJ
Pays: LIBAN / LEBANON
Nb pages: 128""","""Avec un style simple, sur un ton empli de poésie et d’humour, c’est une histoire universelle que Lena nous offre dans ce roman graphique intimiste et tout au féminin.
Un ouvrage dans lequel l’auteure nous propose une histoire de « migration renversée », loin de celles que l’on a l’habitude d’entendre de nos jours. L’histoire de sa mère, Allemande, venue s’installer au Liban dans les années 60 et confrontée au défi de trouver sa place dans une société qui n’est pas la sienne. En retraçant le parcours de cette femme, en s’interrogeant sur son identité, c’est une réflexion sur l’appartenance à une double culture que Lena Merhej nous livre. C’est également le sujet de la transmission d’une génération à l’autre qu’elle questionne au fil de ces pages où la guerre est omniprésente. Car la guerre – aussi bien la guerre civile libanaise que la deuxième guerre mondiale -, à l’instar d’un héritage légué de génération en génération, a rythmé la vie des deux femmes, mère et fille.""","""18""","""LIVRES""","""BASIC"""," ""https://www.artforness.com/produit/laban-et-confiture-ou-comment-ma-mere-est-devenue-libanaise/"""
